{"cameraMode":{"drawMode":0,"name":"Shaded","section":"Shading Mode"},"sceneLighting":true,"audioPlay":false,"sceneViewState":{"m_AlwaysRefresh":false,"showFog":true,"showSkybox":true,"showFlares":true,"showImageEffects":true,"showParticleSystems":true,"showVisualEffectGraphs":true,"m_FxEnabled":true},"in2DMode":false,"pivot":{"x":8.87912654876709,"y":22.13588523864746,"z":-14.212352752685547},"rotation":{"x":-0.004176065791398287,"y":0.8139675855636597,"z":0.0058533912524580959,"w":0.5808552503585815},"size":0.8660253882408142,"orthographic":false}